Hero,Total Picks,Picks %,Win %,Total Bans,Bans %,Total Picks Bans,Picks Bans %,Event
Batrider,48,29.63%,45.83%,113,69.75%,161,99.38%,The International 2013
Outworld Devourer,32,19.75%,37.50%,120,74.07%,152,93.83%,The International 2013
Lifestealer,67,41.36%,56.72%,84,51.85%,151,93.21%,The International 2013
Visage,88,54.32%,55.68%,62,38.27%,150,92.59%,The International 2013
Chen,65,40.12%,63.08%,75,46.30%,140,86.42%,The International 2013
Io,27,16.67%,62.96%,107,66.05%,134,82.72%,The International 2013
Dark Seer,59,36.42%,52.54%,73,45.06%,132,81.48%,The International 2013
Alchemist,60,37.04%,46.67%,72,44.44%,132,81.48%,The International 2013
Weaver,75,46.30%,57.33%,47,29.01%,122,75.31%,The International 2013
Natures Prophet,69,42.59%,47.83%,41,25.31%,110,67.90%,The International 2013
Dragon Knight,57,35.19%,43.86%,50,30.86%,107,66.05%,The International 2013
Naga Siren,43,26.54%,55.81%,58,35.80%,101,62.35%,The International 2013
Gyrocopter,48,29.63%,56.25%,46,28.40%,94,58.02%,The International 2013
Rubick,69,42.59%,40.58%,23,14.20%,92,56.79%,The International 2013
Nyx Assassin,46,28.40%,52.17%,32,19.75%,78,48.15%,The International 2013
Puck,43,26.54%,58.14%,32,19.75%,75,46.30%,The International 2013
Razor,27,16.67%,48.15%,48,29.63%,75,46.30%,The International 2013
Shadow Demon,31,19.14%,45.16%,35,21.60%,66,40.74%,The International 2013
Enchantress,23,14.20%,30.43%,41,25.31%,64,39.51%,The International 2013
Lone Druid,22,13.58%,45.45%,39,24.07%,61,37.65%,The International 2013
Bane,46,28.40%,54.35%,13,8.02%,59,36.42%,The International 2013
Anti-Mage,16,9.88%,68.75%,34,20.99%,50,30.86%,The International 2013
Keeper of the Light,21,12.96%,66.67%,29,17.90%,50,30.86%,The International 2013
Beastmaster,32,19.75%,46.88%,14,8.64%,46,28.40%,The International 2013
Treant Protector,13,8.02%,46.15%,33,20.37%,46,28.40%,The International 2013
Bounty Hunter,20,12.35%,55.00%,24,14.81%,44,27.16%,The International 2013
Timbersaw,24,14.81%,45.83%,18,11.11%,42,25.93%,The International 2013
Queen of Pain,17,10.49%,41.18%,22,13.58%,39,24.07%,The International 2013
Enigma,20,12.35%,45.00%,18,11.11%,38,23.46%,The International 2013
Storm Spirit,18,11.11%,50.00%,19,11.73%,37,22.84%,The International 2013
Clockwerk,23,14.20%,47.83%,13,8.02%,36,22.22%,The International 2013
Shadow Fiend,22,13.58%,54.55%,13,8.02%,35,21.60%,The International 2013
Vengeful Spirit,26,16.05%,42.31%,8,4.94%,34,20.99%,The International 2013
Jakiro,19,11.73%,42.11%,15,9.26%,34,20.99%,The International 2013
Magnus,19,11.73%,52.63%,11,6.79%,30,18.52%,The International 2013
Crystal Maiden,26,16.05%,61.54%,2,1.23%,28,17.28%,The International 2013
Tinker,12,7.41%,25.00%,16,9.88%,28,17.28%,The International 2013
Spectre,13,8.02%,46.15%,11,6.79%,24,14.81%,The International 2013
Windranger,17,10.49%,47.06%,5,3.09%,22,13.58%,The International 2013
Leshrac,12,7.41%,33.33%,10,6.17%,22,13.58%,The International 2013
Juggernaut,9,5.56%,33.33%,11,6.79%,20,12.35%,The International 2013
Sand King,15,9.26%,20.00%,5,3.09%,20,12.35%,The International 2013
Ursa,11,6.79%,72.73%,8,4.94%,19,11.73%,The International 2013
Doom,11,6.79%,27.27%,7,4.32%,18,11.11%,The International 2013
Chaos Knight,13,8.02%,61.54%,4,2.47%,17,10.49%,The International 2013
Earthshaker,13,8.02%,69.23%,3,1.85%,16,9.88%,The International 2013
Mirana,10,6.17%,60.00%,5,3.09%,15,9.26%,The International 2013
Tidehunter,14,8.64%,42.86%,1,0.62%,15,9.26%,The International 2013
Templar Assassin,6,3.70%,33.33%,8,4.94%,14,8.64%,The International 2013
Morphling,9,5.56%,55.56%,3,1.85%,12,7.41%,The International 2013
Phantom Lancer,8,4.94%,50.00%,4,2.47%,12,7.41%,The International 2013
Venomancer,9,5.56%,44.44%,3,1.85%,12,7.41%,The International 2013
Lina,9,5.56%,44.44%,2,1.23%,11,6.79%,The International 2013
Viper,4,2.47%,75.00%,5,3.09%,9,5.56%,The International 2013
Skywrath Mage,4,2.47%,25.00%,3,1.85%,7,4.32%,The International 2013
Silencer,5,3.09%,40.00%,1,0.62%,6,3.70%,The International 2013
Pudge,4,2.47%,75.00%,1,0.62%,5,3.09%,The International 2013
Kunkka,3,1.85%,33.33%,2,1.23%,5,3.09%,The International 2013
Disruptor,1,0.62%,0.00%,4,2.47%,5,3.09%,The International 2013
Axe,2,1.23%,50.00%,2,1.23%,4,2.47%,The International 2013
Lion,4,2.47%,0.00%,0,0.00%,4,2.47%,The International 2013
Lich,3,1.85%,33.33%,1,0.62%,4,2.47%,The International 2013
Faceless Void,2,1.23%,0.00%,2,1.23%,4,2.47%,The International 2013
Luna,4,2.47%,50.00%,0,0.00%,4,2.47%,The International 2013
Ancient Apparition,2,1.23%,100.00%,2,1.23%,4,2.47%,The International 2013
Sven,2,1.23%,50.00%,1,0.62%,3,1.85%,The International 2013
Clinkz,2,1.23%,50.00%,1,0.62%,3,1.85%,The International 2013
Undying,2,1.23%,50.00%,1,0.62%,3,1.85%,The International 2013
Bloodseeker,2,1.23%,0.00%,0,0.00%,2,1.23%,The International 2013
Shadow Shaman,1,0.62%,100.00%,1,0.62%,2,1.23%,The International 2013
Slardar,2,1.23%,50.00%,0,0.00%,2,1.23%,The International 2013
Pugna,2,1.23%,50.00%,0,0.00%,2,1.23%,The International 2013
Dazzle,2,1.23%,0.00%,0,0.00%,2,1.23%,The International 2013
Omniknight,2,1.23%,50.00%,0,0.00%,2,1.23%,The International 2013
Spirit Breaker,1,0.62%,0.00%,1,0.62%,2,1.23%,The International 2013
Meepo,1,0.62%,0.00%,1,0.62%,2,1.23%,The International 2013
Slark,2,1.23%,0.00%,0,0.00%,2,1.23%,The International 2013
Tiny,1,0.62%,0.00%,0,0.00%,1,0.62%,The International 2013
Zeus,1,0.62%,0.00%,0,0.00%,1,0.62%,The International 2013
Sniper,1,0.62%,100.00%,0,0.00%,1,0.62%,The International 2013
Warlock,1,0.62%,0.00%,0,0.00%,1,0.62%,The International 2013
Wraith King,1,0.62%,100.00%,0,0.00%,1,0.62%,The International 2013
Night Stalker,1,0.62%,100.00%,0,0.00%,1,0.62%,The International 2013
Broodmother,1,0.62%,0.00%,0,0.00%,1,0.62%,The International 2013
Invoker,1,0.62%,100.00%,0,0.00%,1,0.62%,The International 2013
Ogre Magi,1,0.62%,0.00%,0,0.00%,1,0.62%,The International 2013
Bristleback,0,0.00%,0.00%,1,0.62%,1,0.62%,The International 2013
Lycan,44,10.76%,63.64%,329,80.44%,373,91.20%,The International 2014
Batrider,82,20.05%,53.66%,248,60.64%,330,80.68%,The International 2014
Mirana,192,46.94%,53.12%,102,24.94%,294,71.88%,The International 2014
Doom,122,29.83%,59.84%,171,41.81%,293,71.64%,The International 2014
Brewmaster,122,29.83%,45.08%,151,36.92%,273,66.75%,The International 2014
Invoker,111,27.14%,45.05%,157,38.39%,268,65.53%,The International 2014
Ancient Apparition,106,25.92%,49.06%,114,27.87%,220,53.79%,The International 2014
Treant Protector,136,33.25%,54.41%,78,19.07%,214,52.32%,The International 2014
Tidehunter,103,25.18%,47.57%,103,25.18%,206,50.37%,The International 2014
Shadow Demon,114,27.87%,50.00%,86,21.03%,200,48.90%,The International 2014
Razor,108,26.41%,45.37%,87,21.27%,195,47.68%,The International 2014
Naga Siren,40,9.78%,42.50%,140,34.23%,180,44.01%,The International 2014
Sand King,96,23.47%,41.67%,83,20.29%,179,43.77%,The International 2014
Wraith King,110,26.89%,50.91%,69,16.87%,179,43.77%,The International 2014
Shadow Shaman,124,30.32%,53.23%,51,12.47%,175,42.79%,The International 2014
Viper,80,19.56%,50.00%,93,22.74%,173,42.30%,The International 2014
Io,45,11.00%,37.78%,128,31.30%,173,42.30%,The International 2014
Rubick,103,25.18%,53.40%,61,14.91%,164,40.10%,The International 2014
Centaur Warrunner,100,24.45%,51.00%,64,15.65%,164,40.10%,The International 2014
Natures Prophet,103,25.18%,58.25%,59,14.43%,162,39.61%,The International 2014
Morphling,79,19.32%,58.23%,81,19.80%,160,39.12%,The International 2014
Dark Seer,74,18.09%,44.59%,80,19.56%,154,37.65%,The International 2014
Tinker,33,8.07%,39.39%,104,25.43%,137,33.50%,The International 2014
Faceless Void,62,15.16%,41.94%,68,16.63%,130,31.78%,The International 2014
Enchantress,58,14.18%,55.17%,66,16.14%,124,30.32%,The International 2014
Skywrath Mage,88,21.52%,48.86%,32,7.82%,120,29.34%,The International 2014
Ember Spirit,45,11.00%,46.67%,74,18.09%,119,29.10%,The International 2014
Enigma,59,14.43%,55.93%,57,13.94%,116,28.36%,The International 2014
Weaver,67,16.38%,65.67%,48,11.74%,115,28.12%,The International 2014
Dragon Knight,61,14.91%,55.74%,48,11.74%,109,26.65%,The International 2014
Templar Assassin,44,10.76%,56.82%,60,14.67%,104,25.43%,The International 2014
Puck,63,15.40%,46.03%,39,9.54%,102,24.94%,The International 2014
Dazzle,58,14.18%,48.28%,39,9.54%,97,23.72%,The International 2014
Nyx Assassin,50,12.22%,50.00%,42,10.27%,92,22.49%,The International 2014
Disruptor,53,12.96%,52.83%,37,9.05%,90,22.00%,The International 2014
Earthshaker,63,15.40%,55.56%,25,6.11%,88,21.52%,The International 2014
Bane,50,12.22%,44.00%,35,8.56%,85,20.78%,The International 2014
Lich,46,11.25%,45.65%,39,9.54%,85,20.78%,The International 2014
Death Prophet,30,7.33%,56.67%,51,12.47%,81,19.80%,The International 2014
Shadow Fiend,40,9.78%,55.00%,36,8.80%,76,18.58%,The International 2014
Outworld Devourer,26,6.36%,46.15%,47,11.49%,73,17.85%,The International 2014
Pugna,19,4.65%,52.63%,52,12.71%,71,17.36%,The International 2014
Storm Spirit,29,7.09%,44.83%,39,9.54%,68,16.63%,The International 2014
Clockwerk,40,9.78%,60.00%,27,6.60%,67,16.38%,The International 2014
Luna,32,7.82%,56.25%,32,7.82%,64,15.65%,The International 2014
Slark,26,6.36%,50.00%,31,7.58%,57,13.94%,The International 2014
Lifestealer,33,8.07%,39.39%,21,5.13%,54,13.20%,The International 2014
Visage,25,6.11%,64.00%,29,7.09%,54,13.20%,The International 2014
Venomancer,27,6.60%,40.74%,23,5.62%,50,12.22%,The International 2014
Witch Doctor,38,9.29%,55.26%,11,2.69%,49,11.98%,The International 2014
Axe,18,4.40%,44.44%,24,5.87%,42,10.27%,The International 2014
Queen of Pain,29,7.09%,41.38%,12,2.93%,41,10.02%,The International 2014
Lone Druid,17,4.16%,41.18%,24,5.87%,41,10.02%,The International 2014
Keeper of the Light,26,6.36%,61.54%,15,3.67%,41,10.02%,The International 2014
Timbersaw,34,8.31%,38.24%,7,1.71%,41,10.02%,The International 2014
Bristleback,26,6.36%,46.15%,15,3.67%,41,10.02%,The International 2014
Vengeful Spirit,37,9.05%,48.65%,3,0.73%,40,9.78%,The International 2014
Jakiro,29,7.09%,27.59%,10,2.44%,39,9.54%,The International 2014
Chen,26,6.36%,38.46%,13,3.18%,39,9.54%,The International 2014
Alchemist,29,7.09%,58.62%,8,1.96%,37,9.05%,The International 2014
Tiny,24,5.87%,45.83%,12,2.93%,36,8.80%,The International 2014
Gyrocopter,19,4.65%,42.11%,16,3.91%,35,8.56%,The International 2014
Elder Titan,22,5.38%,50.00%,12,2.93%,34,8.31%,The International 2014
Kunkka,20,4.89%,55.00%,13,3.18%,33,8.07%,The International 2014
Lion,20,4.89%,35.00%,6,1.47%,26,6.36%,The International 2014
Anti-Mage,10,2.44%,40.00%,14,3.42%,24,5.87%,The International 2014
Leshrac,19,4.65%,47.37%,5,1.22%,24,5.87%,The International 2014
Ursa,14,3.42%,50.00%,10,2.44%,24,5.87%,The International 2014
Troll Warlord,10,2.44%,50.00%,13,3.18%,23,5.62%,The International 2014
Abaddon,11,2.69%,72.73%,11,2.69%,22,5.38%,The International 2014
Meepo,7,1.71%,42.86%,13,3.18%,20,4.89%,The International 2014
Windranger,18,4.40%,38.89%,1,0.24%,19,4.65%,The International 2014
Spectre,9,2.20%,55.56%,10,2.44%,19,4.65%,The International 2014
Drow Ranger,9,2.20%,55.56%,6,1.47%,15,3.67%,The International 2014
Phantom Assassin,8,1.96%,12.50%,7,1.71%,15,3.67%,The International 2014
Silencer,10,2.44%,20.00%,5,1.22%,15,3.67%,The International 2014
Juggernaut,12,2.93%,66.67%,2,0.49%,14,3.42%,The International 2014
Clinkz,7,1.71%,28.57%,6,1.47%,13,3.18%,The International 2014
Slardar,7,1.71%,42.86%,5,1.22%,12,2.93%,The International 2014
Night Stalker,9,2.20%,55.56%,3,0.73%,12,2.93%,The International 2014
Beastmaster,10,2.44%,50.00%,1,0.24%,11,2.69%,The International 2014
Bounty Hunter,9,2.20%,44.44%,2,0.49%,11,2.69%,The International 2014
Magnus,6,1.47%,33.33%,5,1.22%,11,2.69%,The International 2014
Bloodseeker,3,0.73%,33.33%,6,1.47%,9,2.20%,The International 2014
Undying,8,1.96%,62.50%,1,0.24%,9,2.20%,The International 2014
Pudge,7,1.71%,28.57%,1,0.24%,8,1.96%,The International 2014
Sniper,5,1.22%,40.00%,3,0.73%,8,1.96%,The International 2014
Huskar,5,1.22%,20.00%,3,0.73%,8,1.96%,The International 2014
Tusk,6,1.47%,33.33%,2,0.49%,8,1.96%,The International 2014
Lina,6,1.47%,33.33%,0,0.00%,6,1.47%,The International 2014
Warlock,3,0.73%,100.00%,3,0.73%,6,1.47%,The International 2014
Ogre Magi,4,0.98%,25.00%,2,0.49%,6,1.47%,The International 2014
Phantom Lancer,4,0.98%,75.00%,1,0.24%,5,1.22%,The International 2014
Riki,3,0.73%,0.00%,2,0.49%,5,1.22%,The International 2014
Chaos Knight,3,0.73%,33.33%,2,0.49%,5,1.22%,The International 2014
Crystal Maiden,4,0.98%,25.00%,0,0.00%,4,0.98%,The International 2014
Zeus,3,0.73%,33.33%,1,0.24%,4,0.98%,The International 2014
Sven,2,0.49%,50.00%,1,0.24%,3,0.73%,The International 2014
Necrophos,2,0.49%,50.00%,1,0.24%,3,0.73%,The International 2014
Omniknight,1,0.24%,100.00%,2,0.49%,3,0.73%,The International 2014
Medusa,1,0.24%,0.00%,2,0.49%,3,0.73%,The International 2014
Queen of Pain,197,48.40%,49.75%,188,46.19%,385,94.59%,The International 2015
Gyrocopter,189,46.44%,56.08%,177,43.49%,366,89.93%,The International 2015
Leshrac,121,29.73%,52.07%,226,55.53%,347,85.26%,The International 2015
Undying,98,24.08%,54.08%,240,58.97%,338,83.05%,The International 2015
Shadow Fiend,139,34.15%,43.17%,156,38.33%,295,72.48%,The International 2015
Earthshaker,178,43.73%,48.88%,98,24.08%,276,67.81%,The International 2015
Io,70,17.20%,48.57%,173,42.51%,243,59.71%,The International 2015
Lina,162,39.80%,46.30%,73,17.94%,235,57.74%,The International 2015
Clockwerk,135,33.17%,48.89%,95,23.34%,230,56.51%,The International 2015
Dazzle,133,32.68%,53.38%,90,22.11%,223,54.79%,The International 2015
Dark Seer,113,27.76%,51.33%,106,26.04%,219,53.81%,The International 2015
Rubick,153,37.59%,45.10%,58,14.25%,211,51.84%,The International 2015
Broodmother,32,7.86%,62.50%,174,42.75%,206,50.61%,The International 2015
Bounty Hunter,72,17.69%,66.67%,131,32.19%,203,49.88%,The International 2015
Storm Spirit,91,22.36%,52.75%,101,24.82%,192,47.17%,The International 2015
Phantom Lancer,62,15.23%,56.45%,109,26.78%,171,42.01%,The International 2015
Tusk,95,23.34%,51.58%,70,17.20%,165,40.54%,The International 2015
Viper,57,14.00%,47.37%,107,26.29%,164,40.29%,The International 2015
Spirit Breaker,76,18.67%,55.26%,86,21.13%,162,39.80%,The International 2015
Naga Siren,47,11.55%,53.19%,111,27.27%,158,38.82%,The International 2015
Witch Doctor,111,27.27%,54.95%,39,9.58%,150,36.86%,The International 2015
Winter Wyvern,73,17.94%,38.36%,72,17.69%,145,35.63%,The International 2015
Disruptor,83,20.39%,49.40%,57,14.00%,140,34.40%,The International 2015
Bloodseeker,56,13.76%,41.07%,83,20.39%,139,34.15%,The International 2015
Drow Ranger,37,9.09%,54.05%,87,21.38%,124,30.47%,The International 2015
Lion,84,20.64%,52.38%,36,8.85%,120,29.48%,The International 2015
Bristleback,54,13.27%,50.00%,63,15.48%,117,28.75%,The International 2015
Razor,58,14.25%,41.38%,51,12.53%,109,26.78%,The International 2015
Dragon Knight,65,15.97%,49.23%,42,10.32%,107,26.29%,The International 2015
Ancient Apparition,41,10.07%,51.22%,58,14.25%,99,24.32%,The International 2015
Visage,36,8.85%,58.33%,63,15.48%,99,24.32%,The International 2015
Templar Assassin,43,10.57%,72.09%,47,11.55%,90,22.11%,The International 2015
Shadow Demon,46,11.30%,36.96%,43,10.57%,89,21.87%,The International 2015
Anti-Mage,34,8.35%,44.12%,51,12.53%,85,20.88%,The International 2015
Ember Spirit,45,11.06%,48.89%,39,9.58%,84,20.64%,The International 2015
Chen,34,8.35%,50.00%,48,11.79%,82,20.15%,The International 2015
Beastmaster,33,8.11%,57.58%,47,11.55%,80,19.66%,The International 2015
Juggernaut,33,8.11%,54.55%,30,7.37%,63,15.48%,The International 2015
Phoenix,31,7.62%,35.48%,26,6.39%,57,14.00%,The International 2015
Bane,38,9.34%,36.84%,15,3.69%,53,13.02%,The International 2015
Zeus,32,7.86%,34.38%,18,4.42%,50,12.29%,The International 2015
Crystal Maiden,40,9.83%,62.50%,7,1.72%,47,11.55%,The International 2015
Puck,28,6.88%,50.00%,19,4.67%,47,11.55%,The International 2015
Sand King,29,7.13%,55.17%,16,3.93%,45,11.06%,The International 2015
Nyx Assassin,27,6.63%,33.33%,16,3.93%,43,10.57%,The International 2015
Keeper of the Light,26,6.39%,38.46%,17,4.18%,43,10.57%,The International 2015
Natures Prophet,26,6.39%,57.69%,15,3.69%,41,10.07%,The International 2015
Skywrath Mage,27,6.63%,33.33%,12,2.95%,39,9.58%,The International 2015
Windranger,27,6.63%,48.15%,11,2.70%,38,9.34%,The International 2015
Vengeful Spirit,27,6.63%,51.85%,10,2.46%,37,9.09%,The International 2015
Techies,9,2.21%,77.78%,28,6.88%,37,9.09%,The International 2015
Pugna,20,4.91%,60.00%,16,3.93%,36,8.85%,The International 2015
Slark,22,5.41%,40.91%,14,3.44%,36,8.85%,The International 2015
Tiny,27,6.63%,44.44%,8,1.97%,35,8.60%,The International 2015
Tidehunter,18,4.42%,55.56%,15,3.69%,33,8.11%,The International 2015
Axe,20,4.91%,50.00%,12,2.95%,32,7.86%,The International 2015
Invoker,20,4.91%,40.00%,12,2.95%,32,7.86%,The International 2015
Clinkz,19,4.67%,42.11%,10,2.46%,29,7.13%,The International 2015
Huskar,7,1.72%,42.86%,22,5.41%,29,7.13%,The International 2015
Silencer,12,2.95%,58.33%,16,3.93%,28,6.88%,The International 2015
Night Stalker,14,3.44%,50.00%,11,2.70%,25,6.14%,The International 2015
Weaver,17,4.18%,70.59%,8,1.97%,25,6.14%,The International 2015
Tinker,10,2.46%,30.00%,14,3.44%,24,5.90%,The International 2015
Sven,20,4.91%,30.00%,2,0.49%,22,5.41%,The International 2015
Enigma,14,3.44%,71.43%,8,1.97%,22,5.41%,The International 2015
Enchantress,11,2.70%,27.27%,11,2.70%,22,5.41%,The International 2015
Batrider,10,2.46%,30.00%,12,2.95%,22,5.41%,The International 2015
Lycan,13,3.19%,38.46%,9,2.21%,22,5.41%,The International 2015
Morphling,12,2.95%,66.67%,9,2.21%,21,5.16%,The International 2015
Shadow Shaman,15,3.69%,40.00%,6,1.47%,21,5.16%,The International 2015
Luna,14,3.44%,57.14%,7,1.72%,21,5.16%,The International 2015
Treant Protector,18,4.42%,55.56%,3,0.74%,21,5.16%,The International 2015
Slardar,12,2.95%,33.33%,8,1.97%,20,4.91%,The International 2015
Magnus,14,3.44%,42.86%,6,1.47%,20,4.91%,The International 2015
Ursa,10,2.46%,60.00%,7,1.72%,17,4.18%,The International 2015
Lifestealer,6,1.47%,83.33%,9,2.21%,15,3.69%,The International 2015
Legion Commander,10,2.46%,20.00%,5,1.23%,15,3.69%,The International 2015
Phantom Assassin,8,1.97%,75.00%,6,1.47%,14,3.44%,The International 2015
Centaur Warrunner,9,2.21%,22.22%,5,1.23%,14,3.44%,The International 2015
Abaddon,10,2.46%,60.00%,4,0.98%,14,3.44%,The International 2015
Omniknight,9,2.21%,66.67%,4,0.98%,13,3.19%,The International 2015
Brewmaster,8,1.97%,50.00%,5,1.23%,13,3.19%,The International 2015
Timbersaw,10,2.46%,50.00%,3,0.74%,13,3.19%,The International 2015
Spectre,5,1.23%,40.00%,6,1.47%,11,2.70%,The International 2015
Lone Druid,5,1.23%,40.00%,6,1.47%,11,2.70%,The International 2015
Ogre Magi,9,2.21%,44.44%,2,0.49%,11,2.70%,The International 2015
Pudge,6,1.47%,66.67%,3,0.74%,9,2.21%,The International 2015
Mirana,7,1.72%,57.14%,1,0.25%,8,1.97%,The International 2015
Warlock,4,0.98%,75.00%,4,0.98%,8,1.97%,The International 2015
Lich,5,1.23%,100.00%,2,0.49%,7,1.72%,The International 2015
Sniper,6,1.47%,33.33%,1,0.25%,7,1.72%,The International 2015
Venomancer,5,1.23%,60.00%,2,0.49%,7,1.72%,The International 2015
Wraith King,5,1.23%,60.00%,2,0.49%,7,1.72%,The International 2015
Chaos Knight,5,1.23%,40.00%,2,0.49%,7,1.72%,The International 2015
Faceless Void,2,0.49%,50.00%,3,0.74%,5,1.23%,The International 2015
Jakiro,3,0.74%,33.33%,2,0.49%,5,1.23%,The International 2015
Medusa,3,0.74%,33.33%,2,0.49%,5,1.23%,The International 2015
Meepo,1,0.25%,0.00%,3,0.74%,4,0.98%,The International 2015
Kunkka,1,0.25%,100.00%,2,0.49%,3,0.74%,The International 2015
Troll Warlord,1,0.25%,0.00%,2,0.49%,3,0.74%,The International 2015
Riki,1,0.25%,0.00%,1,0.25%,2,0.49%,The International 2015
Alchemist,2,0.49%,50.00%,0,0.00%,2,0.49%,The International 2015
Outworld Devourer,1,0.25%,100.00%,1,0.25%,2,0.49%,The International 2015
Doom,1,0.25%,0.00%,0,0.00%,1,0.25%,The International 2015
Tusk,160,52.81%,52.50%,123,40.59%,283,93.40%,The Frankfurt Major 2015
Doom,67,22.11%,50.75%,214,70.63%,281,92.74%,The Frankfurt Major 2015
Queen of Pain,132,43.56%,49.24%,145,47.85%,277,91.42%,The Frankfurt Major 2015
Shadow Fiend,123,40.59%,57.72%,144,47.52%,267,88.12%,The Frankfurt Major 2015
Winter Wyvern,131,43.23%,48.85%,122,40.26%,253,83.50%,The Frankfurt Major 2015
Dark Seer,95,31.35%,46.32%,152,50.17%,247,81.52%,The Frankfurt Major 2015
Dazzle,121,39.93%,52.07%,95,31.35%,216,71.29%,The Frankfurt Major 2015
Ember Spirit,96,31.68%,58.33%,114,37.62%,210,69.31%,The Frankfurt Major 2015
Undying,78,25.74%,53.85%,120,39.60%,198,65.35%,The Frankfurt Major 2015
Gyrocopter,95,31.35%,42.11%,95,31.35%,190,62.71%,The Frankfurt Major 2015
Night Stalker,87,28.71%,45.98%,102,33.66%,189,62.38%,The Frankfurt Major 2015
Alchemist,66,21.78%,54.55%,99,32.67%,165,54.46%,The Frankfurt Major 2015
Io,49,16.17%,57.14%,115,37.95%,164,54.13%,The Frankfurt Major 2015
Broodmother,24,7.92%,58.33%,131,43.23%,155,51.16%,The Frankfurt Major 2015
Spirit Breaker,78,25.74%,48.72%,74,24.42%,152,50.17%,The Frankfurt Major 2015
Slardar,62,20.46%,56.45%,78,25.74%,140,46.20%,The Frankfurt Major 2015
Earthshaker,85,28.05%,48.24%,49,16.17%,134,44.22%,The Frankfurt Major 2015
Ancient Apparition,59,19.47%,59.32%,68,22.44%,127,41.91%,The Frankfurt Major 2015
Templar Assassin,46,15.18%,56.52%,70,23.10%,116,38.28%,The Frankfurt Major 2015
Windranger,69,22.77%,39.13%,44,14.52%,113,37.29%,The Frankfurt Major 2015
Clockwerk,59,19.47%,49.15%,54,17.82%,113,37.29%,The Frankfurt Major 2015
Lina,73,24.09%,45.21%,35,11.55%,108,35.64%,The Frankfurt Major 2015
Juggernaut,49,16.17%,51.02%,55,18.15%,104,34.32%,The Frankfurt Major 2015
Anti-Mage,36,11.88%,41.67%,60,19.80%,96,31.68%,The Frankfurt Major 2015
Rubick,67,22.11%,55.22%,23,7.59%,90,29.70%,The Frankfurt Major 2015
Bane,58,19.14%,55.17%,27,8.91%,85,28.05%,The Frankfurt Major 2015
Disruptor,50,16.50%,40.00%,26,8.58%,76,25.08%,The Frankfurt Major 2015
Huskar,20,6.60%,55.00%,53,17.49%,73,24.09%,The Frankfurt Major 2015
Phantom Lancer,32,10.56%,34.38%,40,13.20%,72,23.76%,The Frankfurt Major 2015
Beastmaster,41,13.53%,43.90%,29,9.57%,70,23.10%,The Frankfurt Major 2015
Witch Doctor,47,15.51%,38.30%,18,5.94%,65,21.45%,The Frankfurt Major 2015
Tiny,47,15.51%,61.70%,10,3.30%,57,18.81%,The Frankfurt Major 2015
Lich,26,8.58%,50.00%,23,7.59%,49,16.17%,The Frankfurt Major 2015
Razor,29,9.57%,44.83%,19,6.27%,48,15.84%,The Frankfurt Major 2015
Viper,18,5.94%,50.00%,30,9.90%,48,15.84%,The Frankfurt Major 2015
Venomancer,26,8.58%,46.15%,19,6.27%,45,14.85%,The Frankfurt Major 2015
Bounty Hunter,25,8.25%,60.00%,19,6.27%,44,14.52%,The Frankfurt Major 2015
Visage,25,8.25%,52.00%,17,5.61%,42,13.86%,The Frankfurt Major 2015
Invoker,20,6.60%,35.00%,19,6.27%,39,12.87%,The Frankfurt Major 2015
Ogre Magi,29,9.57%,62.07%,9,2.97%,38,12.54%,The Frankfurt Major 2015
Bristleback,17,5.61%,35.29%,19,6.27%,36,11.88%,The Frankfurt Major 2015
Dragon Knight,21,6.93%,57.14%,14,4.62%,35,11.55%,The Frankfurt Major 2015
Batrider,18,5.94%,61.11%,15,4.95%,33,10.89%,The Frankfurt Major 2015
Spectre,18,5.94%,33.33%,15,4.95%,33,10.89%,The Frankfurt Major 2015
Slark,14,4.62%,35.71%,16,5.28%,30,9.90%,The Frankfurt Major 2015
Lion,20,6.60%,30.00%,6,1.98%,26,8.58%,The Frankfurt Major 2015
Clinkz,11,3.63%,72.73%,15,4.95%,26,8.58%,The Frankfurt Major 2015
Skywrath Mage,22,7.26%,36.36%,4,1.32%,26,8.58%,The Frankfurt Major 2015
Nyx Assassin,13,4.29%,53.85%,12,3.96%,25,8.25%,The Frankfurt Major 2015
Drow Ranger,11,3.63%,54.55%,13,4.29%,24,7.92%,The Frankfurt Major 2015
Silencer,16,5.28%,31.25%,8,2.64%,24,7.92%,The Frankfurt Major 2015
Naga Siren,13,4.29%,38.46%,10,3.30%,23,7.59%,The Frankfurt Major 2015
Luna,13,4.29%,53.85%,8,2.64%,21,6.93%,The Frankfurt Major 2015
Natures Prophet,16,5.28%,31.25%,5,1.65%,21,6.93%,The Frankfurt Major 2015
Sven,14,4.62%,35.71%,6,1.98%,20,6.60%,The Frankfurt Major 2015
Leshrac,17,5.61%,47.06%,3,0.99%,20,6.60%,The Frankfurt Major 2015
Magnus,14,4.62%,35.71%,6,1.98%,20,6.60%,The Frankfurt Major 2015
Jakiro,16,5.28%,50.00%,2,0.66%,18,5.94%,The Frankfurt Major 2015
Lycan,8,2.64%,37.50%,10,3.30%,18,5.94%,The Frankfurt Major 2015
Meepo,5,1.65%,100.00%,13,4.29%,18,5.94%,The Frankfurt Major 2015
Axe,12,3.96%,25.00%,5,1.65%,17,5.61%,The Frankfurt Major 2015
Shadow Demon,14,4.62%,57.14%,3,0.99%,17,5.61%,The Frankfurt Major 2015
Shadow Shaman,12,3.96%,50.00%,4,1.32%,16,5.28%,The Frankfurt Major 2015
Vengeful Spirit,12,3.96%,41.67%,3,0.99%,15,4.95%,The Frankfurt Major 2015
Medusa,6,1.98%,50.00%,9,2.97%,15,4.95%,The Frankfurt Major 2015
Timbersaw,12,3.96%,50.00%,2,0.66%,14,4.62%,The Frankfurt Major 2015
Phoenix,7,2.31%,28.57%,7,2.31%,14,4.62%,The Frankfurt Major 2015
Crystal Maiden,12,3.96%,50.00%,1,0.33%,13,4.29%,The Frankfurt Major 2015
Necrophos,7,2.31%,42.86%,6,1.98%,13,4.29%,The Frankfurt Major 2015
Mirana,7,2.31%,57.14%,4,1.32%,11,3.63%,The Frankfurt Major 2015
Wraith King,9,2.97%,66.67%,2,0.66%,11,3.63%,The Frankfurt Major 2015
Brewmaster,7,2.31%,42.86%,4,1.32%,11,3.63%,The Frankfurt Major 2015
Pudge,5,1.65%,20.00%,5,1.65%,10,3.30%,The Frankfurt Major 2015
Zeus,8,2.64%,25.00%,2,0.66%,10,3.30%,The Frankfurt Major 2015
Legion Commander,8,2.64%,75.00%,2,0.66%,10,3.30%,The Frankfurt Major 2015
Sand King,7,2.31%,42.86%,2,0.66%,9,2.97%,The Frankfurt Major 2015
Death Prophet,7,2.31%,71.43%,2,0.66%,9,2.97%,The Frankfurt Major 2015
Omniknight,5,1.65%,80.00%,4,1.32%,9,2.97%,The Frankfurt Major 2015
Ursa,8,2.64%,50.00%,1,0.33%,9,2.97%,The Frankfurt Major 2015
Centaur Warrunner,8,2.64%,75.00%,1,0.33%,9,2.97%,The Frankfurt Major 2015
Tidehunter,7,2.31%,57.14%,1,0.33%,8,2.64%,The Frankfurt Major 2015
Chaos Knight,7,2.31%,42.86%,1,0.33%,8,2.64%,The Frankfurt Major 2015
Weaver,6,1.98%,16.67%,1,0.33%,7,2.31%,The Frankfurt Major 2015
Puck,5,1.65%,40.00%,1,0.33%,6,1.98%,The Frankfurt Major 2015
Storm Spirit,4,1.32%,75.00%,2,0.66%,6,1.98%,The Frankfurt Major 2015
Chen,2,0.66%,100.00%,4,1.32%,6,1.98%,The Frankfurt Major 2015
Lone Druid,3,0.99%,66.67%,3,0.99%,6,1.98%,The Frankfurt Major 2015
Lifestealer,4,1.32%,25.00%,1,0.33%,5,1.65%,The Frankfurt Major 2015
Morphling,2,0.66%,100.00%,2,0.66%,4,1.32%,The Frankfurt Major 2015
Treant Protector,4,1.32%,50.00%,0,0.00%,4,1.32%,The Frankfurt Major 2015
Keeper of the Light,3,0.99%,0.00%,1,0.33%,4,1.32%,The Frankfurt Major 2015
Tinker,2,0.66%,0.00%,1,0.33%,3,0.99%,The Frankfurt Major 2015
Abaddon,2,0.66%,100.00%,1,0.33%,3,0.99%,The Frankfurt Major 2015
Enigma,2,0.66%,50.00%,0,0.00%,2,0.66%,The Frankfurt Major 2015
Pugna,1,0.33%,100.00%,1,0.33%,2,0.66%,The Frankfurt Major 2015
Kunkka,1,0.33%,0.00%,0,0.00%,1,0.33%,The Frankfurt Major 2015
Riki,1,0.33%,0.00%,0,0.00%,1,0.33%,The Frankfurt Major 2015
Sniper,1,0.33%,100.00%,0,0.00%,1,0.33%,The Frankfurt Major 2015
Phantom Assassin,1,0.33%,0.00%,0,0.00%,1,0.33%,The Frankfurt Major 2015
Enchantress,1,0.33%,0.00%,0,0.00%,1,0.33%,The Frankfurt Major 2015
Elder Titan,0,0.00%,0.00%,1,0.33%,1,0.33%,The Frankfurt Major 2015
Techies,1,0.33%,0.00%,0,0.00%,1,0.33%,The Frankfurt Major 2015
Invoker,117,39.26%,52.14%,144,48.32%,261,87.58%,The Shanghai Major 2016
Gyrocopter,105,35.23%,52.38%,99,33.22%,204,68.46%,The Shanghai Major 2016
Vengeful Spirit,115,38.59%,47.83%,62,20.81%,177,59.40%,The Shanghai Major 2016
Chen,57,19.13%,61.40%,109,36.58%,166,55.70%,The Shanghai Major 2016
Earth Spirit,47,15.77%,59.57%,118,39.60%,165,55.37%,The Shanghai Major 2016
Dark Seer,72,24.16%,54.17%,88,29.53%,160,53.69%,The Shanghai Major 2016
Io,45,15.10%,42.22%,113,37.92%,158,53.02%,The Shanghai Major 2016
Natures Prophet,78,26.17%,48.72%,77,25.84%,155,52.01%,The Shanghai Major 2016
Tusk,96,32.21%,55.21%,53,17.79%,149,50.00%,The Shanghai Major 2016
Lone Druid,53,17.79%,56.60%,91,30.54%,144,48.32%,The Shanghai Major 2016
Enchantress,57,19.13%,57.89%,85,28.52%,142,47.65%,The Shanghai Major 2016
Death Prophet,55,18.46%,60.00%,77,25.84%,132,44.30%,The Shanghai Major 2016
Faceless Void,56,18.79%,44.64%,74,24.83%,130,43.62%,The Shanghai Major 2016
Juggernaut,55,18.46%,58.18%,71,23.83%,126,42.28%,The Shanghai Major 2016
Beastmaster,62,20.81%,46.77%,63,21.14%,125,41.95%,The Shanghai Major 2016
Zeus,63,21.14%,53.97%,56,18.79%,119,39.93%,The Shanghai Major 2016
Outworld Devourer,50,16.78%,56.00%,69,23.15%,119,39.93%,The Shanghai Major 2016
Bane,69,23.15%,43.48%,49,16.44%,118,39.60%,The Shanghai Major 2016
Witch Doctor,88,29.53%,51.14%,30,10.07%,118,39.60%,The Shanghai Major 2016
Oracle,57,19.13%,36.84%,57,19.13%,114,38.26%,The Shanghai Major 2016
Batrider,50,16.78%,38.00%,58,19.46%,108,36.24%,The Shanghai Major 2016
Queen of Pain,50,16.78%,40.00%,48,16.11%,98,32.89%,The Shanghai Major 2016
Broodmother,16,5.37%,43.75%,82,27.52%,98,32.89%,The Shanghai Major 2016
Night Stalker,38,12.75%,47.37%,53,17.79%,91,30.54%,The Shanghai Major 2016
Undying,42,14.09%,50.00%,49,16.44%,91,30.54%,The Shanghai Major 2016
Bounty Hunter,28,9.40%,46.43%,61,20.47%,89,29.87%,The Shanghai Major 2016
Ember Spirit,39,13.09%,33.33%,50,16.78%,89,29.87%,The Shanghai Major 2016
Spirit Breaker,47,15.77%,48.94%,38,12.75%,85,28.52%,The Shanghai Major 2016
Viper,26,8.72%,42.31%,58,19.46%,84,28.19%,The Shanghai Major 2016
Razor,41,13.76%,43.90%,38,12.75%,79,26.51%,The Shanghai Major 2016
Sven,39,13.09%,58.97%,40,13.42%,79,26.51%,The Shanghai Major 2016
Dazzle,46,15.44%,39.13%,31,10.40%,77,25.84%,The Shanghai Major 2016
Disruptor,59,19.80%,62.71%,17,5.70%,76,25.50%,The Shanghai Major 2016
Templar Assassin,25,8.39%,44.00%,46,15.44%,71,23.83%,The Shanghai Major 2016
Tiny,37,12.42%,48.65%,25,8.39%,62,20.81%,The Shanghai Major 2016
Ancient Apparition,32,10.74%,43.75%,29,9.73%,61,20.47%,The Shanghai Major 2016
Lion,48,16.11%,58.33%,11,3.69%,59,19.80%,The Shanghai Major 2016
Slardar,32,10.74%,46.88%,27,9.06%,59,19.80%,The Shanghai Major 2016
Ursa,21,7.05%,61.90%,36,12.08%,57,19.13%,The Shanghai Major 2016
Tidehunter,34,11.41%,55.88%,22,7.38%,56,18.79%,The Shanghai Major 2016
Phantom Lancer,24,8.05%,45.83%,31,10.40%,55,18.46%,The Shanghai Major 2016
Lina,35,11.74%,45.71%,16,5.37%,51,17.11%,The Shanghai Major 2016
Lycan,22,7.38%,72.73%,29,9.73%,51,17.11%,The Shanghai Major 2016
Anti-Mage,20,6.71%,40.00%,30,10.07%,50,16.78%,The Shanghai Major 2016
Abaddon,20,6.71%,50.00%,30,10.07%,50,16.78%,The Shanghai Major 2016
Puck,25,8.39%,40.00%,24,8.05%,49,16.44%,The Shanghai Major 2016
Terrorblade,18,6.04%,33.33%,31,10.40%,49,16.44%,The Shanghai Major 2016
Phoenix,26,8.72%,53.85%,22,7.38%,48,16.11%,The Shanghai Major 2016
Slark,22,7.38%,68.18%,24,8.05%,46,15.44%,The Shanghai Major 2016
Rubick,35,11.74%,40.00%,9,3.02%,44,14.77%,The Shanghai Major 2016
Earthshaker,32,10.74%,50.00%,11,3.69%,43,14.43%,The Shanghai Major 2016
Shadow Shaman,28,9.40%,39.29%,15,5.03%,43,14.43%,The Shanghai Major 2016
Spectre,25,8.39%,56.00%,18,6.04%,43,14.43%,The Shanghai Major 2016
Enigma,19,6.38%,68.42%,19,6.38%,38,12.75%,The Shanghai Major 2016
Drow Ranger,17,5.70%,47.06%,20,6.71%,37,12.42%,The Shanghai Major 2016
Nyx Assassin,26,8.72%,50.00%,11,3.69%,37,12.42%,The Shanghai Major 2016
Morphling,20,6.71%,40.00%,13,4.36%,33,11.07%,The Shanghai Major 2016
Dragon Knight,20,6.71%,35.00%,13,4.36%,33,11.07%,The Shanghai Major 2016
Doom,21,7.05%,57.14%,12,4.03%,33,11.07%,The Shanghai Major 2016
Medusa,14,4.70%,71.43%,19,6.38%,33,11.07%,The Shanghai Major 2016
Shadow Fiend,13,4.36%,53.85%,18,6.04%,31,10.40%,The Shanghai Major 2016
Visage,19,6.38%,57.89%,12,4.03%,31,10.40%,The Shanghai Major 2016
Mirana,17,5.70%,58.82%,12,4.03%,29,9.73%,The Shanghai Major 2016
Alchemist,13,4.36%,38.46%,13,4.36%,26,8.72%,The Shanghai Major 2016
Clockwerk,17,5.70%,47.06%,7,2.35%,24,8.05%,The Shanghai Major 2016
Clinkz,12,4.03%,66.67%,12,4.03%,24,8.05%,The Shanghai Major 2016
Winter Wyvern,17,5.70%,41.18%,5,1.68%,22,7.38%,The Shanghai Major 2016
Bristleback,15,5.03%,40.00%,6,2.01%,21,7.05%,The Shanghai Major 2016
Wraith King,11,3.69%,72.73%,8,2.68%,19,6.38%,The Shanghai Major 2016
Kunkka,16,5.37%,56.25%,2,0.67%,18,6.04%,The Shanghai Major 2016
Lifestealer,13,4.36%,30.77%,5,1.68%,18,6.04%,The Shanghai Major 2016
Brewmaster,12,4.03%,66.67%,6,2.01%,18,6.04%,The Shanghai Major 2016
Chaos Knight,9,3.02%,66.67%,8,2.68%,17,5.70%,The Shanghai Major 2016
Sand King,11,3.69%,45.45%,5,1.68%,16,5.37%,The Shanghai Major 2016
Weaver,13,4.36%,53.85%,2,0.67%,15,5.03%,The Shanghai Major 2016
Jakiro,12,4.03%,50.00%,3,1.01%,15,5.03%,The Shanghai Major 2016
Crystal Maiden,10,3.36%,40.00%,4,1.34%,14,4.70%,The Shanghai Major 2016
Pudge,7,2.35%,42.86%,7,2.35%,14,4.70%,The Shanghai Major 2016
Windranger,9,3.02%,55.56%,5,1.68%,14,4.70%,The Shanghai Major 2016
Silencer,9,3.02%,33.33%,5,1.68%,14,4.70%,The Shanghai Major 2016
Lich,9,3.02%,55.56%,4,1.34%,13,4.36%,The Shanghai Major 2016
Treant Protector,9,3.02%,77.78%,3,1.01%,12,4.03%,The Shanghai Major 2016
Magnus,8,2.68%,62.50%,3,1.01%,11,3.69%,The Shanghai Major 2016
Skywrath Mage,9,3.02%,22.22%,2,0.67%,11,3.69%,The Shanghai Major 2016
Pugna,6,2.01%,33.33%,3,1.01%,9,3.02%,The Shanghai Major 2016
Timbersaw,8,2.68%,50.00%,1,0.34%,9,3.02%,The Shanghai Major 2016
Necrophos,7,2.35%,14.29%,1,0.34%,8,2.68%,The Shanghai Major 2016
Leshrac,4,1.34%,50.00%,4,1.34%,8,2.68%,The Shanghai Major 2016
Omniknight,4,1.34%,50.00%,4,1.34%,8,2.68%,The Shanghai Major 2016
Naga Siren,6,2.01%,16.67%,2,0.67%,8,2.68%,The Shanghai Major 2016
Keeper of the Light,5,1.68%,40.00%,3,1.01%,8,2.68%,The Shanghai Major 2016
Luna,4,1.34%,25.00%,2,0.67%,6,2.01%,The Shanghai Major 2016
Phantom Assassin,5,1.68%,20.00%,0,0.00%,5,1.68%,The Shanghai Major 2016
Warlock,4,1.34%,50.00%,0,0.00%,4,1.34%,The Shanghai Major 2016
Shadow Demon,4,1.34%,50.00%,0,0.00%,4,1.34%,The Shanghai Major 2016
Legion Commander,4,1.34%,50.00%,0,0.00%,4,1.34%,The Shanghai Major 2016
Tinker,3,1.01%,33.33%,0,0.00%,3,1.01%,The Shanghai Major 2016
Centaur Warrunner,3,1.01%,33.33%,0,0.00%,3,1.01%,The Shanghai Major 2016
Ogre Magi,2,0.67%,50.00%,0,0.00%,2,0.67%,The Shanghai Major 2016
Elder Titan,2,0.67%,100.00%,0,0.00%,2,0.67%,The Shanghai Major 2016
Axe,0,0.00%,0.00%,1,0.34%,1,0.34%,The Shanghai Major 2016
Bloodseeker,1,0.34%,0.00%,0,0.00%,1,0.34%,The Shanghai Major 2016
Huskar,0,0.00%,0.00%,1,0.34%,1,0.34%,The Shanghai Major 2016
Troll Warlord,1,0.34%,0.00%,0,0.00%,1,0.34%,The Shanghai Major 2016
Techies,1,0.34%,0.00%,0,0.00%,1,0.34%,The Shanghai Major 2016
Elder Titan,114,28.64%,57.02%,159,39.95%,273,68.59%,The International 2016
Beastmaster,107,26.88%,48.60%,138,34.67%,245,61.56%,The International 2016
Batrider,135,33.92%,46.67%,110,27.64%,245,61.56%,The International 2016
Faceless Void,132,33.17%,53.03%,109,27.39%,241,60.55%,The International 2016
Timbersaw,129,32.41%,55.04%,106,26.63%,235,59.05%,The International 2016
Io,63,15.83%,47.62%,170,42.71%,233,58.54%,The International 2016
Death Prophet,73,18.34%,52.05%,158,39.70%,231,58.04%,The International 2016
Dark Seer,85,21.36%,44.71%,138,34.67%,223,56.03%,The International 2016
Juggernaut,126,31.66%,53.17%,90,22.61%,216,54.27%,The International 2016
Terrorblade,78,19.60%,64.10%,134,33.67%,212,53.27%,The International 2016
Earth Spirit,107,26.88%,43.93%,94,23.62%,201,50.50%,The International 2016
Riki,61,15.33%,50.82%,139,34.92%,200,50.25%,The International 2016
Lifestealer,85,21.36%,42.35%,111,27.89%,196,49.25%,The International 2016
Drow Ranger,62,15.58%,59.68%,128,32.16%,190,47.74%,The International 2016
Alchemist,50,12.56%,36.00%,140,35.18%,190,47.74%,The International 2016
Invoker,83,20.85%,49.40%,95,23.87%,178,44.72%,The International 2016
Oracle,98,24.62%,46.94%,73,18.34%,171,42.96%,The International 2016
Mirana,108,27.14%,59.26%,56,14.07%,164,41.21%,The International 2016
Disruptor,121,30.40%,45.45%,43,10.80%,164,41.21%,The International 2016
Slardar,90,22.61%,56.67%,71,17.84%,161,40.45%,The International 2016
Vengeful Spirit,120,30.15%,50.83%,36,9.05%,156,39.20%,The International 2016
Tidehunter,81,20.35%,50.62%,75,18.84%,156,39.20%,The International 2016
Shadow Demon,77,19.35%,61.04%,74,18.59%,151,37.94%,The International 2016
Slark,74,18.59%,40.54%,70,17.59%,144,36.18%,The International 2016
Naga Siren,35,8.79%,60.00%,107,26.88%,142,35.68%,The International 2016
Lion,90,22.61%,40.00%,34,8.54%,124,31.16%,The International 2016
Tinker,33,8.29%,30.30%,86,21.61%,119,29.90%,The International 2016
Dazzle,76,19.10%,51.32%,43,10.80%,119,29.90%,The International 2016
Axe,68,17.09%,51.47%,46,11.56%,114,28.64%,The International 2016
Bounty Hunter,40,10.05%,57.50%,68,17.09%,108,27.14%,The International 2016
Morphling,46,11.56%,50.00%,47,11.81%,93,23.37%,The International 2016
Sven,45,11.31%,53.33%,44,11.06%,89,22.36%,The International 2016
Huskar,24,6.03%,54.17%,65,16.33%,89,22.36%,The International 2016
Kunkka,50,12.56%,60.00%,35,8.79%,85,21.36%,The International 2016
Storm Spirit,37,9.30%,37.84%,45,11.31%,82,20.60%,The International 2016
Ogre Magi,59,14.82%,45.76%,22,5.53%,81,20.35%,The International 2016
Phoenix,45,11.31%,42.22%,27,6.78%,72,18.09%,The International 2016
Lone Druid,24,6.03%,66.67%,46,11.56%,70,17.59%,The International 2016
Keeper of the Light,34,8.54%,50.00%,33,8.29%,67,16.83%,The International 2016
Nyx Assassin,38,9.55%,68.42%,28,7.04%,66,16.58%,The International 2016
Ember Spirit,36,9.05%,44.44%,30,7.54%,66,16.58%,The International 2016
Enchantress,29,7.29%,24.14%,36,9.05%,65,16.33%,The International 2016
Dragon Knight,43,10.80%,46.51%,21,5.28%,64,16.08%,The International 2016
Sand King,34,8.54%,55.88%,29,7.29%,63,15.83%,The International 2016
Medusa,27,6.78%,55.56%,33,8.29%,60,15.08%,The International 2016
Witch Doctor,49,12.31%,44.90%,10,2.51%,59,14.82%,The International 2016
Broodmother,13,3.27%,76.92%,41,10.30%,54,13.57%,The International 2016
Ancient Apparition,21,5.28%,66.67%,31,7.79%,52,13.07%,The International 2016
Winter Wyvern,36,9.05%,58.33%,15,3.77%,51,12.81%,The International 2016
Puck,21,5.28%,57.14%,26,6.53%,47,11.81%,The International 2016
Queen of Pain,24,6.03%,33.33%,21,5.28%,45,11.31%,The International 2016
Night Stalker,25,6.28%,36.00%,20,5.03%,45,11.31%,The International 2016
Ursa,25,6.28%,60.00%,20,5.03%,45,11.31%,The International 2016
Templar Assassin,27,6.78%,44.44%,17,4.27%,44,11.06%,The International 2016
Doom,21,5.28%,42.86%,22,5.53%,43,10.80%,The International 2016
Weaver,20,5.03%,30.00%,22,5.53%,42,10.55%,The International 2016
Rubick,35,8.79%,51.43%,5,1.26%,40,10.05%,The International 2016
Razor,21,5.28%,57.14%,17,4.27%,38,9.55%,The International 2016
Chen,17,4.27%,58.82%,21,5.28%,38,9.55%,The International 2016
Luna,15,3.77%,60.00%,22,5.53%,37,9.30%,The International 2016
Lich,22,5.53%,45.45%,13,3.27%,35,8.79%,The International 2016
Anti-Mage,18,4.52%,44.44%,15,3.77%,33,8.29%,The International 2016
Lycan,13,3.27%,7.69%,19,4.77%,32,8.04%,The International 2016
Phantom Lancer,17,4.27%,52.94%,13,3.27%,30,7.54%,The International 2016
Undying,21,5.28%,66.67%,8,2.01%,29,7.29%,The International 2016
Viper,11,2.76%,45.45%,16,4.02%,27,6.78%,The International 2016
Natures Prophet,17,4.27%,41.18%,10,2.51%,27,6.78%,The International 2016
Tiny,17,4.27%,17.65%,9,2.26%,26,6.53%,The International 2016
Clinkz,14,3.52%,57.14%,12,3.02%,26,6.53%,The International 2016
Crystal Maiden,18,4.52%,50.00%,7,1.76%,25,6.28%,The International 2016
Meepo,3,0.75%,66.67%,22,5.53%,25,6.28%,The International 2016
Gyrocopter,13,3.27%,38.46%,9,2.26%,22,5.53%,The International 2016
Spectre,14,3.52%,35.71%,7,1.76%,21,5.28%,The International 2016
Skywrath Mage,19,4.77%,52.63%,0,0.00%,19,4.77%,The International 2016
Bristleback,15,3.77%,53.33%,3,0.75%,18,4.52%,The International 2016
Bane,13,3.27%,61.54%,4,1.01%,17,4.27%,The International 2016
Phantom Assassin,13,3.27%,53.85%,4,1.01%,17,4.27%,The International 2016
Enigma,14,3.52%,42.86%,2,0.50%,16,4.02%,The International 2016
Magnus,9,2.26%,55.56%,7,1.76%,16,4.02%,The International 2016
Warlock,10,2.51%,50.00%,5,1.26%,15,3.77%,The International 2016
Spirit Breaker,11,2.76%,72.73%,3,0.75%,14,3.52%,The International 2016
Earthshaker,10,2.51%,40.00%,2,0.50%,12,3.02%,The International 2016
Silencer,10,2.51%,40.00%,2,0.50%,12,3.02%,The International 2016
Shadow Shaman,11,2.76%,54.55%,0,0.00%,11,2.76%,The International 2016
Windranger,5,1.26%,60.00%,5,1.26%,10,2.51%,The International 2016
Legion Commander,8,2.01%,37.50%,2,0.50%,10,2.51%,The International 2016
Zeus,6,1.51%,66.67%,3,0.75%,9,2.26%,The International 2016
Clockwerk,6,1.51%,33.33%,3,0.75%,9,2.26%,The International 2016
Omniknight,6,1.51%,33.33%,3,0.75%,9,2.26%,The International 2016
Shadow Fiend,6,1.51%,33.33%,2,0.50%,8,2.01%,The International 2016
Brewmaster,6,1.51%,50.00%,2,0.50%,8,2.01%,The International 2016
Abaddon,6,1.51%,66.67%,2,0.50%,8,2.01%,The International 2016
Necrophos,5,1.26%,60.00%,2,0.50%,7,1.76%,The International 2016
Venomancer,7,1.76%,42.86%,0,0.00%,7,1.76%,The International 2016
Tusk,6,1.51%,16.67%,1,0.25%,7,1.76%,The International 2016
Lina,4,1.01%,50.00%,2,0.50%,6,1.51%,The International 2016
Leshrac,4,1.01%,50.00%,2,0.50%,6,1.51%,The International 2016
Chaos Knight,4,1.01%,75.00%,2,0.50%,6,1.51%,The International 2016
Wraith King,4,1.01%,0.00%,1,0.25%,5,1.26%,The International 2016
Jakiro,3,0.75%,0.00%,1,0.25%,4,1.01%,The International 2016
Outworld Devourer,2,0.50%,100.00%,2,0.50%,4,1.01%,The International 2016
Troll Warlord,4,1.01%,50.00%,0,0.00%,4,1.01%,The International 2016
Pudge,3,0.75%,0.00%,0,0.00%,3,0.75%,The International 2016
Pugna,2,0.50%,50.00%,1,0.25%,3,0.75%,The International 2016
Bloodseeker,2,0.50%,100.00%,0,0.00%,2,0.50%,The International 2016
Treant Protector,2,0.50%,50.00%,0,0.00%,2,0.50%,The International 2016
Sniper,1,0.25%,0.00%,0,0.00%,1,0.25%,The International 2016
Visage,1,0.25%,100.00%,0,0.00%,1,0.25%,The International 2016
Centaur Warrunner,1,0.25%,100.00%,0,0.00%,1,0.25%,The International 2016
Techies,1,0.25%,0.00%,0,0.00%,1,0.25%,The International 2016
Batrider,70,25.00%,58.57%,166,59.29%,236,84.29%,The Boston Major 2016
Outworld Devourer,72,25.71%,56.94%,135,48.21%,207,73.93%,The Boston Major 2016
Slardar,92,32.86%,48.91%,102,36.43%,194,69.29%,The Boston Major 2016
Shadow Demon,90,32.14%,46.67%,86,30.71%,176,62.86%,The Boston Major 2016
Sand King,97,34.64%,42.27%,78,27.86%,175,62.50%,The Boston Major 2016
Timbersaw,74,26.43%,60.81%,100,35.71%,174,62.14%,The Boston Major 2016
Juggernaut,103,36.79%,43.69%,68,24.29%,171,61.07%,The Boston Major 2016
Ogre Magi,104,37.14%,53.85%,63,22.50%,167,59.64%,The Boston Major 2016
Drow Ranger,50,17.86%,50.00%,113,40.36%,163,58.21%,The Boston Major 2016
Lifestealer,72,25.71%,52.78%,88,31.43%,160,57.14%,The Boston Major 2016
Mirana,84,30.00%,55.95%,58,20.71%,142,50.71%,The Boston Major 2016
Rubick,97,34.64%,56.70%,35,12.50%,132,47.14%,The Boston Major 2016
Io,45,16.07%,53.33%,80,28.57%,125,44.64%,The Boston Major 2016
Warlock,71,25.36%,47.89%,51,18.21%,122,43.57%,The Boston Major 2016
Alchemist,35,12.50%,62.86%,85,30.36%,120,42.86%,The Boston Major 2016
Nyx Assassin,51,18.21%,54.90%,65,23.21%,116,41.43%,The Boston Major 2016
Luna,70,25.00%,52.86%,43,15.36%,113,40.36%,The Boston Major 2016
Bounty Hunter,44,15.71%,50.00%,68,24.29%,112,40.00%,The Boston Major 2016
Dark Seer,49,17.50%,42.86%,62,22.14%,111,39.64%,The Boston Major 2016
Invoker,55,19.64%,49.09%,49,17.50%,104,37.14%,The Boston Major 2016
Naga Siren,23,8.21%,69.57%,80,28.57%,103,36.79%,The Boston Major 2016
Axe,53,18.93%,50.94%,43,15.36%,96,34.29%,The Boston Major 2016
Storm Spirit,30,10.71%,40.00%,63,22.50%,93,33.21%,The Boston Major 2016
Ursa,42,15.00%,38.10%,39,13.93%,81,28.93%,The Boston Major 2016
Tinker,24,8.57%,54.17%,52,18.57%,76,27.14%,The Boston Major 2016
Faceless Void,29,10.36%,58.62%,42,15.00%,71,25.36%,The Boston Major 2016
Undying,35,12.50%,48.57%,35,12.50%,70,25.00%,The Boston Major 2016
Slark,31,11.07%,41.94%,38,13.57%,69,24.64%,The Boston Major 2016
Omniknight,31,11.07%,45.16%,37,13.21%,68,24.29%,The Boston Major 2016
Keeper of the Light,30,10.71%,50.00%,36,12.86%,66,23.57%,The Boston Major 2016
Disruptor,51,18.21%,56.86%,14,5.00%,65,23.21%,The Boston Major 2016
Oracle,36,12.86%,30.56%,27,9.64%,63,22.50%,The Boston Major 2016
Earth Spirit,38,13.57%,52.63%,23,8.21%,61,21.79%,The Boston Major 2016
Morphling,27,9.64%,51.85%,32,11.43%,59,21.07%,The Boston Major 2016
Witch Doctor,44,15.71%,40.91%,15,5.36%,59,21.07%,The Boston Major 2016
Legion Commander,36,12.86%,58.33%,22,7.86%,58,20.71%,The Boston Major 2016
Sven,31,11.07%,54.84%,26,9.29%,57,20.36%,The Boston Major 2016
Riki,19,6.79%,21.05%,38,13.57%,57,20.36%,The Boston Major 2016
Kunkka,33,11.79%,45.45%,22,7.86%,55,19.64%,The Boston Major 2016
Sniper,18,6.43%,44.44%,37,13.21%,55,19.64%,The Boston Major 2016
Dragon Knight,34,12.14%,52.94%,19,6.79%,53,18.93%,The Boston Major 2016
Weaver,30,10.71%,43.33%,19,6.79%,49,17.50%,The Boston Major 2016
Beastmaster,26,9.29%,53.85%,22,7.86%,48,17.14%,The Boston Major 2016
Elder Titan,25,8.93%,44.00%,22,7.86%,47,16.79%,The Boston Major 2016
Dazzle,28,10.00%,46.43%,17,6.07%,45,16.07%,The Boston Major 2016
Silencer,24,8.57%,45.83%,21,7.50%,45,16.07%,The Boston Major 2016
Phantom Assassin,26,9.29%,61.54%,18,6.43%,44,15.71%,The Boston Major 2016
Templar Assassin,25,8.93%,40.00%,19,6.79%,44,15.71%,The Boston Major 2016
Razor,16,5.71%,50.00%,27,9.64%,43,15.36%,The Boston Major 2016
Clockwerk,29,10.36%,37.93%,14,5.00%,43,15.36%,The Boston Major 2016
Tidehunter,25,8.93%,48.00%,17,6.07%,42,15.00%,The Boston Major 2016
Puck,22,7.86%,36.36%,17,6.07%,39,13.93%,The Boston Major 2016
Chen,16,5.71%,68.75%,18,6.43%,34,12.14%,The Boston Major 2016
Pugna,14,5.00%,57.14%,18,6.43%,32,11.43%,The Boston Major 2016
Vengeful Spirit,23,8.21%,47.83%,8,2.86%,31,11.07%,The Boston Major 2016
Anti-Mage,10,3.57%,50.00%,17,6.07%,27,9.64%,The Boston Major 2016
Shadow Fiend,14,5.00%,42.86%,12,4.29%,26,9.29%,The Boston Major 2016
Enigma,12,4.29%,75.00%,13,4.64%,25,8.93%,The Boston Major 2016
Leshrac,16,5.71%,56.25%,9,3.21%,25,8.93%,The Boston Major 2016
Medusa,10,3.57%,50.00%,15,5.36%,25,8.93%,The Boston Major 2016
Terrorblade,9,3.21%,44.44%,14,5.00%,23,8.21%,The Boston Major 2016
Pudge,18,6.43%,22.22%,4,1.43%,22,7.86%,The Boston Major 2016
Enchantress,7,2.50%,57.14%,14,5.00%,21,7.50%,The Boston Major 2016
Jakiro,15,5.36%,53.33%,4,1.43%,19,6.79%,The Boston Major 2016
Venomancer,7,2.50%,42.86%,9,3.21%,16,5.71%,The Boston Major 2016
Magnus,9,3.21%,44.44%,7,2.50%,16,5.71%,The Boston Major 2016
Lion,10,3.57%,70.00%,5,1.79%,15,5.36%,The Boston Major 2016
Spirit Breaker,13,4.64%,53.85%,2,0.71%,15,5.36%,The Boston Major 2016
Huskar,3,1.07%,0.00%,11,3.93%,14,5.00%,The Boston Major 2016
Crystal Maiden,13,4.64%,76.92%,0,0.00%,13,4.64%,The Boston Major 2016
Treant Protector,11,3.93%,63.64%,2,0.71%,13,4.64%,The Boston Major 2016
Centaur Warrunner,10,3.57%,40.00%,3,1.07%,13,4.64%,The Boston Major 2016
Earthshaker,11,3.93%,63.64%,1,0.36%,12,4.29%,The Boston Major 2016
Death Prophet,6,2.14%,66.67%,6,2.14%,12,4.29%,The Boston Major 2016
Ancient Apparition,7,2.50%,57.14%,5,1.79%,12,4.29%,The Boston Major 2016
Winter Wyvern,9,3.21%,22.22%,3,1.07%,12,4.29%,The Boston Major 2016
Windranger,8,2.86%,62.50%,2,0.71%,10,3.57%,The Boston Major 2016
Doom,8,2.86%,37.50%,2,0.71%,10,3.57%,The Boston Major 2016
Skywrath Mage,9,3.21%,44.44%,1,0.36%,10,3.57%,The Boston Major 2016
Bloodseeker,6,2.14%,33.33%,3,1.07%,9,3.21%,The Boston Major 2016
Tiny,6,2.14%,66.67%,3,1.07%,9,3.21%,The Boston Major 2016
Gyrocopter,7,2.50%,42.86%,2,0.71%,9,3.21%,The Boston Major 2016
Meepo,1,0.36%,0.00%,7,2.50%,8,2.86%,The Boston Major 2016
Bane,7,2.50%,42.86%,0,0.00%,7,2.50%,The Boston Major 2016
Phantom Lancer,4,1.43%,50.00%,3,1.07%,7,2.50%,The Boston Major 2016
Lich,4,1.43%,50.00%,3,1.07%,7,2.50%,The Boston Major 2016
Broodmother,2,0.71%,0.00%,5,1.79%,7,2.50%,The Boston Major 2016
Bristleback,5,1.79%,20.00%,2,0.71%,7,2.50%,The Boston Major 2016
Clinkz,5,1.79%,20.00%,1,0.36%,6,2.14%,The Boston Major 2016
Night Stalker,6,2.14%,66.67%,0,0.00%,6,2.14%,The Boston Major 2016
Spectre,6,2.14%,66.67%,0,0.00%,6,2.14%,The Boston Major 2016
Visage,3,1.07%,33.33%,3,1.07%,6,2.14%,The Boston Major 2016
Ember Spirit,4,1.43%,50.00%,2,0.71%,6,2.14%,The Boston Major 2016
Phoenix,4,1.43%,75.00%,2,0.71%,6,2.14%,The Boston Major 2016
Zeus,4,1.43%,25.00%,1,0.36%,5,1.79%,The Boston Major 2016
Natures Prophet,4,1.43%,75.00%,1,0.36%,5,1.79%,The Boston Major 2016
Abaddon,4,1.43%,50.00%,1,0.36%,5,1.79%,The Boston Major 2016
Queen of Pain,3,1.07%,33.33%,1,0.36%,4,1.43%,The Boston Major 2016
Viper,2,0.71%,0.00%,2,0.71%,4,1.43%,The Boston Major 2016
Lone Druid,3,1.07%,33.33%,1,0.36%,4,1.43%,The Boston Major 2016
Shadow Shaman,2,0.71%,0.00%,1,0.36%,3,1.07%,The Boston Major 2016
Lycan,3,1.07%,33.33%,0,0.00%,3,1.07%,The Boston Major 2016
Chaos Knight,1,0.36%,0.00%,2,0.71%,3,1.07%,The Boston Major 2016
Lina,2,0.71%,100.00%,0,0.00%,2,0.71%,The Boston Major 2016
Necrophos,2,0.71%,50.00%,0,0.00%,2,0.71%,The Boston Major 2016
Wraith King,1,0.36%,100.00%,1,0.36%,2,0.71%,The Boston Major 2016
Brewmaster,2,0.71%,50.00%,0,0.00%,2,0.71%,The Boston Major 2016
Tusk,2,0.71%,50.00%,0,0.00%,2,0.71%,The Boston Major 2016
Troll Warlord,1,0.36%,0.00%,0,0.00%,1,0.36%,The Boston Major 2016
Beastmaster,105,33.12%,50.48%,165,52.05%,270,85.17%,The Manila Major 2016
Doom,117,36.91%,53.85%,117,36.91%,234,73.82%,The Manila Major 2016
Bounty Hunter,54,17.03%,59.26%,178,56.15%,232,73.19%,The Manila Major 2016
Alchemist,46,14.51%,54.35%,167,52.68%,213,67.19%,The Manila Major 2016
Enchantress,69,21.77%,46.38%,134,42.27%,203,64.04%,The Manila Major 2016
Slardar,129,40.69%,55.04%,60,18.93%,189,59.62%,The Manila Major 2016
Batrider,80,25.24%,46.25%,100,31.55%,180,56.78%,The Manila Major 2016
Dark Seer,85,26.81%,44.71%,92,29.02%,177,55.84%,The Manila Major 2016
Invoker,73,23.03%,45.21%,90,28.39%,163,51.42%,The Manila Major 2016
Io,52,16.40%,48.08%,111,35.02%,163,51.42%,The Manila Major 2016
Lifestealer,68,21.45%,57.35%,89,28.08%,157,49.53%,The Manila Major 2016
Lion,117,36.91%,52.99%,39,12.30%,156,49.21%,The Manila Major 2016
Earth Spirit,84,26.50%,51.19%,67,21.14%,151,47.63%,The Manila Major 2016
Vengeful Spirit,114,35.96%,53.51%,33,10.41%,147,46.37%,The Manila Major 2016
Puck,61,19.24%,50.82%,83,26.18%,144,45.43%,The Manila Major 2016
Witch Doctor,109,34.38%,42.20%,28,8.83%,137,43.22%,The Manila Major 2016
Natures Prophet,71,22.40%,46.48%,65,20.50%,136,42.90%,The Manila Major 2016
Juggernaut,68,21.45%,45.59%,60,18.93%,128,40.38%,The Manila Major 2016
Slark,57,17.98%,52.63%,63,19.87%,120,37.85%,The Manila Major 2016
Death Prophet,43,13.56%,58.14%,76,23.97%,119,37.54%,The Manila Major 2016
Phoenix,64,20.19%,45.31%,52,16.40%,116,36.59%,The Manila Major 2016
Disruptor,92,29.02%,58.70%,23,7.26%,115,36.28%,The Manila Major 2016
Faceless Void,61,19.24%,59.02%,52,16.40%,113,35.65%,The Manila Major 2016
Dragon Knight,65,20.50%,55.38%,41,12.93%,106,33.44%,The Manila Major 2016
Tidehunter,50,15.77%,52.00%,46,14.51%,96,30.28%,The Manila Major 2016
Sven,46,14.51%,52.17%,49,15.46%,95,29.97%,The Manila Major 2016
Mirana,62,19.56%,51.61%,32,10.09%,94,29.65%,The Manila Major 2016
Queen of Pain,54,17.03%,38.89%,39,12.30%,93,29.34%,The Manila Major 2016
Lone Druid,32,10.09%,46.88%,60,18.93%,92,29.02%,The Manila Major 2016
Lich,40,12.62%,57.50%,48,15.14%,88,27.76%,The Manila Major 2016
Gyrocopter,41,12.93%,58.54%,42,13.25%,83,26.18%,The Manila Major 2016
Ember Spirit,48,15.14%,41.67%,35,11.04%,83,26.18%,The Manila Major 2016
Axe,37,11.67%,27.03%,43,13.56%,80,25.24%,The Manila Major 2016
Night Stalker,33,10.41%,36.36%,37,11.67%,70,22.08%,The Manila Major 2016
Lycan,24,7.57%,50.00%,45,14.20%,69,21.77%,The Manila Major 2016
Drow Ranger,14,4.42%,64.29%,52,16.40%,66,20.82%,The Manila Major 2016
Medusa,24,7.57%,50.00%,40,12.62%,64,20.19%,The Manila Major 2016
Oracle,30,9.46%,60.00%,33,10.41%,63,19.87%,The Manila Major 2016
Spectre,32,10.09%,43.75%,25,7.89%,57,17.98%,The Manila Major 2016
Windranger,27,8.52%,48.15%,26,8.20%,53,16.72%,The Manila Major 2016
Broodmother,12,3.79%,50.00%,41,12.93%,53,16.72%,The Manila Major 2016
Riki,18,5.68%,72.22%,29,9.15%,47,14.83%,The Manila Major 2016
Ancient Apparition,20,6.31%,55.00%,27,8.52%,47,14.83%,The Manila Major 2016
Chen,14,4.42%,42.86%,32,10.09%,46,14.51%,The Manila Major 2016
Dazzle,34,10.73%,35.29%,10,3.15%,44,13.88%,The Manila Major 2016
Bane,31,9.78%,54.84%,12,3.79%,43,13.56%,The Manila Major 2016
Clinkz,18,5.68%,50.00%,24,7.57%,42,13.25%,The Manila Major 2016
Tinker,16,5.05%,62.50%,24,7.57%,40,12.62%,The Manila Major 2016
Weaver,18,5.68%,55.56%,22,6.94%,40,12.62%,The Manila Major 2016
Phantom Lancer,20,6.31%,40.00%,19,5.99%,39,12.30%,The Manila Major 2016
Enigma,25,7.89%,56.00%,10,3.15%,35,11.04%,The Manila Major 2016
Templar Assassin,18,5.68%,61.11%,15,4.73%,33,10.41%,The Manila Major 2016
Meepo,2,0.63%,100.00%,31,9.78%,33,10.41%,The Manila Major 2016
Anti-Mage,19,5.99%,52.63%,13,4.10%,32,10.09%,The Manila Major 2016
Venomancer,19,5.99%,52.63%,12,3.79%,31,9.78%,The Manila Major 2016
Chaos Knight,13,4.10%,30.77%,16,5.05%,29,9.15%,The Manila Major 2016
Rubick,20,6.31%,40.00%,9,2.84%,29,9.15%,The Manila Major 2016
Morphling,14,4.42%,50.00%,14,4.42%,28,8.83%,The Manila Major 2016
Winter Wyvern,17,5.36%,35.29%,11,3.47%,28,8.83%,The Manila Major 2016
Crystal Maiden,22,6.94%,59.09%,5,1.58%,27,8.52%,The Manila Major 2016
Viper,10,3.15%,70.00%,15,4.73%,25,7.89%,The Manila Major 2016
Abaddon,17,5.36%,47.06%,8,2.52%,25,7.89%,The Manila Major 2016
Earthshaker,16,5.05%,43.75%,6,1.89%,22,6.94%,The Manila Major 2016
Magnus,12,3.79%,41.67%,10,3.15%,22,6.94%,The Manila Major 2016
Bristleback,14,4.42%,42.86%,8,2.52%,22,6.94%,The Manila Major 2016
Tusk,15,4.73%,33.33%,6,1.89%,21,6.62%,The Manila Major 2016
Elder Titan,14,4.42%,78.57%,7,2.21%,21,6.62%,The Manila Major 2016
Naga Siren,10,3.15%,70.00%,10,3.15%,20,6.31%,The Manila Major 2016
Tiny,13,4.10%,46.15%,6,1.89%,19,5.99%,The Manila Major 2016
Timbersaw,15,4.73%,40.00%,2,0.63%,17,5.36%,The Manila Major 2016
Razor,9,2.84%,33.33%,7,2.21%,16,5.05%,The Manila Major 2016
Lina,13,4.10%,61.54%,3,0.95%,16,5.05%,The Manila Major 2016
Nyx Assassin,11,3.47%,36.36%,5,1.58%,16,5.05%,The Manila Major 2016
Spirit Breaker,12,3.79%,41.67%,3,0.95%,15,4.73%,The Manila Major 2016
Terrorblade,8,2.52%,50.00%,7,2.21%,15,4.73%,The Manila Major 2016
Jakiro,11,3.47%,27.27%,3,0.95%,14,4.42%,The Manila Major 2016
Sand King,11,3.47%,63.64%,2,0.63%,13,4.10%,The Manila Major 2016
Ursa,6,1.89%,50.00%,7,2.21%,13,4.10%,The Manila Major 2016
Storm Spirit,7,2.21%,14.29%,5,1.58%,12,3.79%,The Manila Major 2016
Huskar,6,1.89%,33.33%,6,1.89%,12,3.79%,The Manila Major 2016
Clockwerk,8,2.52%,62.50%,3,0.95%,11,3.47%,The Manila Major 2016
Shadow Demon,7,2.21%,57.14%,4,1.26%,11,3.47%,The Manila Major 2016
Leshrac,7,2.21%,57.14%,3,0.95%,10,3.15%,The Manila Major 2016
Undying,8,2.52%,37.50%,2,0.63%,10,3.15%,The Manila Major 2016
Shadow Fiend,7,2.21%,28.57%,0,0.00%,7,2.21%,The Manila Major 2016
Kunkka,4,1.26%,25.00%,2,0.63%,6,1.89%,The Manila Major 2016
Necrophos,1,0.32%,100.00%,5,1.58%,6,1.89%,The Manila Major 2016
Skywrath Mage,6,1.89%,50.00%,0,0.00%,6,1.89%,The Manila Major 2016
Wraith King,5,1.58%,80.00%,0,0.00%,5,1.58%,The Manila Major 2016
Pugna,3,0.95%,33.33%,2,0.63%,5,1.58%,The Manila Major 2016
Legion Commander,5,1.58%,20.00%,0,0.00%,5,1.58%,The Manila Major 2016
Shadow Shaman,4,1.26%,0.00%,0,0.00%,4,1.26%,The Manila Major 2016
Luna,4,1.26%,75.00%,0,0.00%,4,1.26%,The Manila Major 2016
Visage,4,1.26%,25.00%,0,0.00%,4,1.26%,The Manila Major 2016
Centaur Warrunner,3,0.95%,66.67%,1,0.32%,4,1.26%,The Manila Major 2016
Zeus,1,0.32%,0.00%,2,0.63%,3,0.95%,The Manila Major 2016
Phantom Assassin,3,0.95%,33.33%,0,0.00%,3,0.95%,The Manila Major 2016
Omniknight,0,0.00%,0.00%,3,0.95%,3,0.95%,The Manila Major 2016
Keeper of the Light,3,0.95%,66.67%,0,0.00%,3,0.95%,The Manila Major 2016
Pudge,1,0.32%,100.00%,1,0.32%,2,0.63%,The Manila Major 2016
Silencer,2,0.63%,0.00%,0,0.00%,2,0.63%,The Manila Major 2016
Outworld Devourer,1,0.32%,100.00%,1,0.32%,2,0.63%,The Manila Major 2016
Treant Protector,2,0.63%,0.00%,0,0.00%,2,0.63%,The Manila Major 2016
Warlock,0,0.00%,0.00%,1,0.32%,1,0.32%,The Manila Major 2016
Brewmaster,1,0.32%,0.00%,0,0.00%,1,0.32%,The Manila Major 2016
Ogre Magi,1,0.32%,0.00%,0,0.00%,1,0.32%,The Manila Major 2016
Techies,1,0.32%,0.00%,0,0.00%,1,0.32%,The Manila Major 2016